inventory_row_id	raw_reported_form	paper_ids	occurrence_count	candidate_selected_for_task_4_1b	task4_1b_disposition	verification_state	collision_ids	collision_decision_states	abbreviation_registry_candidate_state	raw_parenthetical_text
AR4D-0253	nPINN	495	1	true	likely_PINN_variant_needs_primary_source_verification	needs_primary_source_verification			pinn_type_or_variant_candidate_pending_governed_classification	
AR4D-0254	PIRBN	495,640,641	3	true	broader_physics_informed_ML_adjacent	needs_primary_source_verification			pinn_related_or_adjacent_abbreviation_candidate	
AR4D-0255	HyperPINN	495	1	true	likely_PINN_variant_needs_primary_source_verification	needs_primary_source_verification			pinn_type_or_variant_candidate_pending_governed_classification	
AR4D-0256	GCN-PINN	495	1	true	architecture_or_backbone_coupled_not_yet_a_type	needs_primary_source_verification			pinn_type_or_variant_candidate_pending_governed_classification	
AR4D-0257	ModalPINN	495,605	2	true	likely_PINN_variant_needs_primary_source_verification	needs_primary_source_verification			pinn_type_or_variant_candidate_pending_governed_classification	
AR4D-0258	MS-ST-FF-PINN	496	1	true	likely_PINN_variant_needs_primary_source_verification	needs_primary_source_verification			pinn_type_or_variant_candidate_pending_governed_classification	
AR4D-0259	DBNet	497	1	false	outside_Task_4.1B_retain_for_all_abbreviations_inventory	not_assessed_in_Task_4.1B			general_abbreviation_candidate_unverified	
AR4D-0260	IncNSNet	497	1	false	outside_Task_4.1B_retain_for_all_abbreviations_inventory	not_assessed_in_Task_4.1B			general_abbreviation_candidate_unverified	
AR4D-0261	SDNet	498	1	false	outside_Task_4.1B_retain_for_all_abbreviations_inventory	not_assessed_in_Task_4.1B			general_abbreviation_candidate_unverified	
AR4D-0262	BDPINN	500	1	true	likely_PINN_variant_needs_primary_source_verification	needs_primary_source_verification			pinn_type_or_variant_candidate_pending_governed_classification	
AR4D-0263	lbPINNs	502	1	true	likely_PINN_variant_needs_primary_source_verification	needs_primary_source_verification			pinn_type_or_variant_candidate_pending_governed_classification	
AR4D-0264	lbXPINNs	502	1	true	likely_PINN_variant_needs_primary_source_verification	needs_primary_source_verification			pinn_type_or_variant_candidate_pending_governed_classification	
AR4D-0265	B-PINNs	503	1	true	alias_or_orthographic_variant_candidate	needs_primary_source_verification	C003	scoped_alias_candidate	pinn_type_or_variant_candidate_pending_governed_classification	
AR4D-0266	APINN	503,612	2	true	likely_PINN_variant_needs_primary_source_verification	needs_primary_source_verification	C021	hard_no_merge	pinn_type_or_variant_candidate_pending_governed_classification	
AR4D-0267	RW-PINN	504	1	true	likely_PINN_variant_needs_primary_source_verification	needs_primary_source_verification			pinn_type_or_variant_candidate_pending_governed_classification	
AR4D-0268	gfPINNs	505	1	true	likely_PINN_variant_needs_primary_source_verification	needs_primary_source_verification	C010	scoped_alias_candidate	pinn_type_or_variant_candidate_pending_governed_classification	
AR4D-0269	fPINNs	505	1	true	likely_PINN_variant_needs_primary_source_verification	needs_primary_source_verification	C010	scoped_alias_candidate	pinn_type_or_variant_candidate_pending_governed_classification	
AR4D-0270	FO-PINN	506	1	true	likely_PINN_variant_needs_primary_source_verification	needs_primary_source_verification			pinn_type_or_variant_candidate_pending_governed_classification	
AR4D-0271	NN-aPC	507	1	false	outside_Task_4.1B_retain_for_all_abbreviations_inventory	not_assessed_in_Task_4.1B			general_abbreviation_candidate_unverified	
AR4D-0272	Physics-informed VAE (PIVAE)	508	1	true	broader_physics_informed_ML_adjacent	supported_by_raw_source_supplied_expansion	C017	scoped_alias_candidate	pinn_related_or_adjacent_abbreviation_candidate	PIVAE
AR4D-0273	vPINN	512	1	true	likely_PINN_variant_needs_primary_source_verification	needs_primary_source_verification			pinn_type_or_variant_candidate_pending_governed_classification	
AR4D-0274	DCGD	527	1	false	outside_Task_4.1B_retain_for_all_abbreviations_inventory	not_assessed_in_Task_4.1B			general_abbreviation_candidate_unverified	
AR4D-0275	NWnets	528	1	false	outside_Task_4.1B_retain_for_all_abbreviations_inventory	not_assessed_in_Task_4.1B			general_abbreviation_candidate_unverified	
AR4D-0276	adaptive-PIRN	531	1	false	outside_Task_4.1B_retain_for_all_abbreviations_inventory	not_assessed_in_Task_4.1B			general_abbreviation_candidate_unverified	
AR4D-0277	SD-PINN	537	1	true	likely_PINN_variant_needs_primary_source_verification	needs_primary_source_verification			pinn_type_or_variant_candidate_pending_governed_classification	
AR4D-0278	gsPINN	538	1	true	likely_PINN_variant_needs_primary_source_verification	needs_primary_source_verification			pinn_type_or_variant_candidate_pending_governed_classification	
AR4D-0279	EPNN	539	1	false	outside_Task_4.1B_retain_for_all_abbreviations_inventory	not_assessed_in_Task_4.1B			general_abbreviation_candidate_unverified	
AR4D-0280	LA-PINN	542	1	true	likely_PINN_variant_needs_primary_source_verification	needs_primary_source_verification			pinn_type_or_variant_candidate_pending_governed_classification	
AR4D-0281	MB-PINN	546	1	true	likely_PINN_variant_needs_primary_source_verification	needs_primary_source_verification			pinn_type_or_variant_candidate_pending_governed_classification	
AR4D-0282	MB-IBM-PINN	546	1	true	likely_PINN_variant_needs_primary_source_verification	needs_primary_source_verification			pinn_type_or_variant_candidate_pending_governed_classification	
AR4D-0283	trapz-PiNN	549	1	true	likely_PINN_variant_needs_primary_source_verification	needs_primary_source_verification	C007	hard_no_merge	pinn_type_or_variant_candidate_pending_governed_classification	
AR4D-0284	CS-PINN	550,568,576	3	true	likely_PINN_variant_needs_primary_source_verification	needs_primary_source_verification			pinn_type_or_variant_candidate_pending_governed_classification	
AR4D-0285	RK-PINN	550,568,576	3	true	likely_PINN_variant_needs_primary_source_verification	needs_primary_source_verification			pinn_type_or_variant_candidate_pending_governed_classification	
AR4D-0286	PNS-PINN	551	1	true	likely_PINN_variant_needs_primary_source_verification	needs_primary_source_verification			pinn_type_or_variant_candidate_pending_governed_classification	
AR4D-0287	NS-PINN	551	1	true	likely_PINN_variant_needs_primary_source_verification	needs_primary_source_verification			pinn_type_or_variant_candidate_pending_governed_classification	
AR4D-0288	HTE-PINN	552	1	true	likely_PINN_variant_needs_primary_source_verification	needs_primary_source_verification			pinn_type_or_variant_candidate_pending_governed_classification	
AR4D-0289	opPINN	553	1	true	likely_PINN_variant_needs_primary_source_verification	needs_primary_source_verification			pinn_type_or_variant_candidate_pending_governed_classification	
AR4D-0290	CAN-PINN	554	1	true	likely_PINN_variant_needs_primary_source_verification	needs_primary_source_verification			pinn_type_or_variant_candidate_pending_governed_classification	
AR4D-0291	PI-rCNN	558	1	true	architecture_or_backbone_coupled_not_yet_a_type	needs_primary_source_verification			pinn_type_or_variant_candidate_pending_governed_classification	
AR4D-0292	PI-RS-LSTM	559	1	true	architecture_or_backbone_coupled_not_yet_a_type	needs_primary_source_verification			pinn_type_or_variant_candidate_pending_governed_classification	
AR4D-0293	PISSA-CNN-LSTM	561	1	true	architecture_or_backbone_coupled_not_yet_a_type	needs_primary_source_verification			pinn_type_or_variant_candidate_pending_governed_classification	
AR4D-0294	PID-GAN	562	1	true	architecture_or_backbone_coupled_not_yet_a_type	needs_primary_source_verification			pinn_type_or_variant_candidate_pending_governed_classification	
AR4D-0295	PiCNN	563	1	false	outside_Task_4.1B_retain_for_all_abbreviations_inventory	not_assessed_in_Task_4.1B	C018	same_form_homograph	general_abbreviation_candidate_unverified	
AR4D-0296	DICNN	563	1	false	outside_Task_4.1B_retain_for_all_abbreviations_inventory	not_assessed_in_Task_4.1B			general_abbreviation_candidate_unverified	
AR4D-0297	PIX-GAN	564	1	true	architecture_or_backbone_coupled_not_yet_a_type	needs_primary_source_verification			pinn_type_or_variant_candidate_pending_governed_classification	
AR4D-0298	CNN-TSE	565	1	false	outside_Task_4.1B_retain_for_all_abbreviations_inventory	not_assessed_in_Task_4.1B			general_abbreviation_candidate_unverified	
AR4D-0299	WGAN-GP	566	1	false	outside_Task_4.1B_retain_for_all_abbreviations_inventory	not_assessed_in_Task_4.1B			general_abbreviation_candidate_unverified	
AR4D-0300	PIGAN	566,568,570	3	true	broader_physics_informed_ML_adjacent	needs_primary_source_verification	C016	adjacent_concept_non_equivalence	pinn_related_or_adjacent_abbreviation_candidate	
AR4D-0301	PIST-CNN	567	1	true	architecture_or_backbone_coupled_not_yet_a_type	needs_primary_source_verification			pinn_type_or_variant_candidate_pending_governed_classification	
AR4D-0302	W-Net GAN	568	1	false	outside_Task_4.1B_retain_for_all_abbreviations_inventory	not_assessed_in_Task_4.1B			general_abbreviation_candidate_unverified	
AR4D-0303	SSM-CNN	569	1	false	outside_Task_4.1B_retain_for_all_abbreviations_inventory	not_assessed_in_Task_4.1B			general_abbreviation_candidate_unverified	
AR4D-0304	PIDD	572	1	true	broader_physics_informed_ML_adjacent	needs_primary_source_verification			pinn_related_or_adjacent_abbreviation_candidate	
AR4D-0305	ResoNet	573	1	false	outside_Task_4.1B_retain_for_all_abbreviations_inventory	not_assessed_in_Task_4.1B			general_abbreviation_candidate_unverified	
AR4D-0306	NRPINN	574	1	true	likely_PINN_variant_needs_primary_source_verification	needs_primary_source_verification			pinn_type_or_variant_candidate_pending_governed_classification	
AR4D-0307	PiLMWs-CNN	575	1	false	outside_Task_4.1B_retain_for_all_abbreviations_inventory	not_assessed_in_Task_4.1B			general_abbreviation_candidate_unverified	
AR4D-0308	Fusion-PICNN	577	1	false	outside_Task_4.1B_retain_for_all_abbreviations_inventory	not_assessed_in_Task_4.1B			general_abbreviation_candidate_unverified	
AR4D-0309	PI-MLSM	580	1	true	broader_physics_informed_ML_adjacent	needs_primary_source_verification			pinn_related_or_adjacent_abbreviation_candidate	
AR4D-0310	PIDL	580	1	true	broader_physics_informed_ML_adjacent	needs_primary_source_verification			pinn_related_or_adjacent_abbreviation_candidate	
AR4D-0311	MetaPINNs	581	1	true	training_or_adaptivity_strategy_not_yet_a_type	needs_primary_source_verification			pinn_type_or_variant_candidate_pending_governed_classification	
AR4D-0312	IPINNs	581	1	true	likely_PINN_variant_needs_primary_source_verification	needs_primary_source_verification	C004	same_form_homograph	pinn_type_or_variant_candidate_pending_governed_classification	
AR4D-0313	MF-PIDNN	583	1	false	outside_Task_4.1B_retain_for_all_abbreviations_inventory	not_assessed_in_Task_4.1B			general_abbreviation_candidate_unverified	
AR4D-0314	PI-DNN	583	1	true	architecture_or_backbone_coupled_not_yet_a_type	needs_primary_source_verification			pinn_type_or_variant_candidate_pending_governed_classification	
AR4D-0315	BPIELM	584	1	false	outside_Task_4.1B_retain_for_all_abbreviations_inventory	not_assessed_in_Task_4.1B			general_abbreviation_candidate_unverified	
AR4D-0316	PI-DCM	585,587	2	true	broader_physics_informed_ML_adjacent	needs_primary_source_verification			pinn_related_or_adjacent_abbreviation_candidate	
AR4D-0317	TL-PINN	586,592	2	true	training_or_adaptivity_strategy_not_yet_a_type	needs_primary_source_verification			pinn_type_or_variant_candidate_pending_governed_classification	
AR4D-0318	mfPINN	588	1	true	likely_PINN_variant_needs_primary_source_verification	needs_primary_source_verification			pinn_type_or_variant_candidate_pending_governed_classification	
AR4D-0319	PIRNN	589,699	2	true	architecture_or_backbone_coupled_not_yet_a_type	needs_primary_source_verification	C013	adjacent_concept_non_equivalence	pinn_type_or_variant_candidate_pending_governed_classification	
AR4D-0320	TL-PIRNN	589	1	false	outside_Task_4.1B_retain_for_all_abbreviations_inventory	not_assessed_in_Task_4.1B			general_abbreviation_candidate_unverified	
AR4D-0321	RePIT	591	1	false	outside_Task_4.1B_retain_for_all_abbreviations_inventory	not_assessed_in_Task_4.1B			general_abbreviation_candidate_unverified	
AR4D-0322	FVMN	591	1	false	outside_Task_4.1B_retain_for_all_abbreviations_inventory	not_assessed_in_Task_4.1B			general_abbreviation_candidate_unverified	
AR4D-0323	Causal PINN	593	1	true	training_or_adaptivity_strategy_not_yet_a_type	supported_by_raw_source_supplied_expansion			pinn_type_or_variant_candidate_pending_governed_classification	
AR4D-0324	SVD-PINN	595	1	true	likely_PINN_variant_needs_primary_source_verification	needs_primary_source_verification			pinn_type_or_variant_candidate_pending_governed_classification	
AR4D-0325	PINN-DeepONet	596	1	true	operator_learning_or_neural_operator_adjacent	needs_primary_source_verification	C014	adjacent_concept_non_equivalence	pinn_related_or_adjacent_abbreviation_candidate	
AR4D-0326	Phase-Field DeepONet	597	1	false	outside_Task_4.1B_retain_for_all_abbreviations_inventory	not_assessed_in_Task_4.1B			general_abbreviation_candidate_unverified	
AR4D-0327	V-DeepONet	598	1	false	outside_Task_4.1B_retain_for_all_abbreviations_inventory	not_assessed_in_Task_4.1B			general_abbreviation_candidate_unverified	
AR4D-0328	Sep-PI-DeepONet	599	1	false	outside_Task_4.1B_retain_for_all_abbreviations_inventory	not_assessed_in_Task_4.1B			general_abbreviation_candidate_unverified	
AR4D-0329	PI-DeepONet	600,601,603	3	true	operator_learning_or_neural_operator_adjacent	supported_by_raw_source_supplied_expansion	C014	adjacent_concept_non_equivalence	pinn_related_or_adjacent_abbreviation_candidate	
AR4D-0330	CPNN	602	1	false	outside_Task_4.1B_retain_for_all_abbreviations_inventory	not_assessed_in_Task_4.1B	C022	hard_no_merge	general_abbreviation_candidate_unverified	
AR4D-0331	composite PINN	602	1	true	likely_PINN_variant_needs_primary_source_verification	needs_primary_source_verification			pinn_type_or_variant_candidate_pending_governed_classification	
AR4D-0332	Taylor PINN	607	1	true	likely_PINN_variant_needs_primary_source_verification	needs_primary_source_verification			pinn_type_or_variant_candidate_pending_governed_classification	
AR4D-0333	GRINN	608	1	false	outside_Task_4.1B_retain_for_all_abbreviations_inventory	not_assessed_in_Task_4.1B			general_abbreviation_candidate_unverified	
AR4D-0334	SWPINN	609	1	true	likely_PINN_variant_needs_primary_source_verification	needs_primary_source_verification			pinn_type_or_variant_candidate_pending_governed_classification	
AR4D-0335	PIKFNN	610	1	true	broader_physics_informed_ML_adjacent	needs_primary_source_verification			pinn_related_or_adjacent_abbreviation_candidate	
AR4D-0336	GaborPINN	611	1	true	likely_PINN_variant_needs_primary_source_verification	needs_primary_source_verification			pinn_type_or_variant_candidate_pending_governed_classification	
